御兽之王,轻泉流响
逼我重生是吧,幼儿园一把手
赤心巡天,情何以甚
宿命之环,爱潜水的乌贼
灵境行者,卖报小郎君
都重生了谁谈恋爱啊,错哪儿了
深海余烬,远瞳
这游戏也太真实了,晨星LL
苟在妖武乱世修仙,文抄公
唐人的餐桌,孑与2
渊天尊,烽仙
不许没收我的人籍,可怜的夕夕
衣冠不南渡,历史系之狼
我家娘子，不对劲,一蝉知夏
满唐华彩,怪诞的表哥
神话纪元，我进化成了恒星级巨兽,群玉山头见
我为长生仙,阎ZK
我本无意成仙,金色茉莉花
请公子斩妖,裴不了
最终神职,拓跋狗蛋
国民法医,志鸟村
光阴之外,耳根
我的超能力每周刷新,一片雪饼
隐秘死角,滚开
乱世书,姬叉
诡秘之主,爱潜水的乌贼
重启神话,凤嘲凰
谁让他修仙的！,最白的乌鸦
北宋穿越指南,王梓钧
仙子，请听我解释,弥天大厦
重生成蛇，在现实世界开创修妖法,洳宫仙幽
女侠且慢,关关公子
我有十万亿舔狗金,李家浮图
择日飞升,宅猪
重回1982小渔村,米饭的米
你也不想秘密被人知道吧,不在意中人
趋吉避凶，从天师府开始,八月飞鹰
明克街13号,纯洁滴小龙
大家都是邪魔，怎么你浑身圣光？,馒头荔枝
道诡异仙,狐尾的笔
我有一个修仙世界,纯九莲宝灯
谁让你能力这么用的？,太白水君
大明国师,西湖遇雨
长生从炼丹宗师开始,雨去欲续
我的模拟长生路,愤怒的乌贼
道爷要飞升,裴屠狗
遮天,辰东
玄鉴仙族,季越人
黄昏分界,黑山老鬼
火力为王,如水意
让你当兵戒网瘾，你成军官了,特种兵歌
我以道种铸长生,鱼龙飞度
大奉打更人,卖报小郎君
红楼之挽天倾,林悦南兮
完美世界,辰东
万古神帝,飞天鱼
重生在火红年代的悠闲生活,屋外风吹凉
被青梅破防后，我成了顶流,5XL
仙人只想躺着,猪心虾仁
穿越迟到一万年，我被迫成为大能,不落鱼
天人图谱,误道者
牧者密续,不祈十弦
深空彼岸,辰东
神话版三国,坟土荒草
1980我的文艺时代,坐望敬亭
终宋,怪诞的表哥
人生副本游戏,我爱小依
被巴萨甩卖国米后的那些事儿,臊子拌面
LOL：稳健的我，开局刷满属性,人间以痛吻我
人道大圣,莫默
金丹是恒星，你管这叫修仙？,走地鹤
黎明之剑,远瞳
我在缅北当佣兵,嘟嘟雪球来啦
凡人修仙传,忘语
这个影帝只想考证,江公子阿宝
死灵法师只想种树,十年一键
四合院之阎家老大,黑虎村民
家父隋炀帝,圆盘大佬粗
仙父,言归正传
轮回乐园,那一只蚊子
LPL别联系了，我们真不熟！,小牛霸天
重生的我没有格局,鲸鱼禅师
不科学御兽,轻泉流响
仙者,忘语
国王,新海月1
斗破苍穹,天蚕土豆
我在现代留过学,要离刺荆轲
困在日食的那一天,乱
吞噬星空,我吃西红柿
我是导演，我不比烂,不是老狗
我的诡异人生,白刃斩春风
说好制作烂游戏，泰坦陨落什么鬼,布洛芬战士
我的玩家好凶猛,帅犬弗兰克
四合院之饮食男女,武文弄沫
万相之王,天蚕土豆
箱子里的大明,三十二变
开局签到荒古圣体,J神
洪荒之真相只有一个,菩提煮酒
这本小说很健康,沧澜波涛短
赘婿,愤怒的香蕉
光明壁垒,会摔跤的熊猫
神秘复苏,佛前献花
从军火商到战争之王,耗子爱吃鸡腿
秦吏,七月新番
爱发微博的我，成了职业通天代,血流三千尺
苟在女魔头身边偷偷修炼,怕辣的红椒
仙逆,耳根
我的公公叫康熙,雁九
黑帆,大贤至圣先师
夜的命名术,会说话的肘子
第一序列,会说话的肘子
高天之上,阴天神隐
从天才开始无敌于斗破,a小白b
我真没想重生啊,柳岸花又明
在美漫当心灵导师的日子,遇牧烧绳
两界：从关公像睁眼开始,七只跳蚤
战锤：我不要成为臭罐头啊！！！,枯灯夜话
最后结局,zhttty
超神机械师,齐佩甲
执魔,我是墨水
那年华娱,做梦的木头
合道,断桥残雪
半岛检察官,竹叶糕
从武王伐纣开始建立千年世家,花非花月夜
重生之我要冲浪,睡觉会变白
父可敌国,三戒大师
我在军营肝技能,与东流
我在修仙界万古长青,快餐店
古仙复苏，一万狐狸拜我为师,葡萄果醋
当骄傲仍然重要时,沉默的爱
天启预报,风月
从火影开始做打工人,浓墨浇书
人在贞观，科学破案,大理寺一哥
宇智波：从囚禁扉间开始,腊肉豆角煲仔饭
整座大山都是我的猎场,百李山中仙
帝霸,厌笔萧生
我的治愈系游戏,我会修空调
进球吧！教练,陈爱庭
华娱之随心所欲,划船怎能不靠桨
从柯南开始重新做人,李四羊
从水猴子开始成神,甲壳蚁
征服之路,静悄悄地写
保护我方族长,傲无常
都重生了谁打职业啊,神秘的大西瓜
诸界第一因,裴屠狗
巫师：从骑士呼吸法开始肝经验,田隶
重返火红年代,一斤五百克
只要工资到位，冠军全部干碎,叫兽爱吃小龙虾
末世：我的关键词比别人多一个,棉衣卫
那年花开1981,风随流云
灾变卡皇,盲候
CSGO：这个选手太听劝了！,地精咖啡
我的谍战岁月,猪头七
就打个篮球，却成了天选之子,葛洛夫街兄弟
梦境通上古？我真不是古代道祖,快乐的六只耳
惊悚乐园,三天两觉
大医无疆,石章鱼
你当律师，把法官送进去了？,大风雾
秦功,下雨我带刀
我的御兽真不是邪神,晨色暮鸦
这不是BUG，这是游戏特性,无敌召唤兽
集群重炮轰杀修仙者,绝望羔羊
大明：我，朱棣，开局扬言夺嫡！,早餐羊奶
重生大时代之1993,三月麻竹
长生从猎户开始,是桃花酥呀
半仙,跃千愁
呢喃诗章,咸鱼飞行家
NBA：从折磨乔丹开始加点升级,秃头不是和尚
从肉体凡胎到粉碎星球,乘风御剑
超神级学霸,一桶布丁
开局当宗主：我的规矩有点野,妮娜芙
我得给这世界上堂课,巫马行
不是吧君子也防,阳小戎
瞎编功法，徒儿你真练成了？,半道清风
别怕，我不是魔头,平层
我就是神！,历史里吹吹风
重生日常修仙,庭院阳光好
重生飞扬年代,金蟾老祖
斗罗大陆II绝世唐门,唐家三少
三国：谁让他做谋士的？,三天四包
这个选手入戏太深,想天开
东京：我的超能力每周刷新,枪柏
朕真的不务正业,吾谁与归
木叶：我，宇智波，满满正能量,请催我码字
你这律师不对劲,酒剑仙人
只想让玩家省钱的我却被氪成首富,沉唐枕月
大乘期才有逆袭系统,最白的乌鸦
LOL：这个男人太听劝了！,青石子
我有一座冒险屋,我会修空调
家父汉高祖,历史系之狼
什么叫六边形打野啊,这很科学啊
偷偷养只小金乌,育
情商20学霸，造出芯片正常吧？,孟泽主
恶魔法则,跳舞
参加恋综，这个小鲜肉过分接地气,不是蒜是水仙
仙寥,中原五百
仙人消失之后,九方烨
我能进入蜀山游戏,问心万古
季汉大司马,周府
靖安侯,漫客1
让调解家庭纠纷，你拱火让人离婚,泡泡日更8000
龙虎道主,我是瞎混的
我在荒岛肝属性,最终永恒
兼职艺术家,我最白
战锤40K：凡世之神,乌首匹夫
鸣人，做我儿子吧,糯米糖葫芦
天生仙种,太湖霸王
您完全不按套路通关是吗,星声
第一玩家,流泪猫安头
离婚后前妻成了债主,啊欢
女帝说，庶民不配状元身,三千年大懒神
作为太监，我一点也不想长生不死,可达鸭不胖
三国：开局误认吕布为岳父,张菇凉
娱乐：从主持人大赛制霸内娱,孺瑶子
我师兄实在太稳健了,言归正传
绍宋,榴弹怕水
术师手册,听日
禁区之狐,林海听涛
一世之尊,爱潜水的乌贼
谍影凌云,罗飞羽
剧透历史：从三国开始,冷泡茶加冰
仙业,g扶君
让你看风水，你成了鹰酱国师？,十二辉
怪谈游戏设计师,我会修空调
拥有外挂的我杀穿副本世界,孤独的小文
长夜君主,风凌天下
阿尔宙斯的海贼之旅,白色鸽鸽子
万族之劫,老鹰吃小鸡
这个明星只想学习,尔尔尔尔尔尔
学霸的军工科研系统,十月廿二
超时空史记,业火之剑
娱乐：我实在太想进步了,浮鲨无梦
晚唐浮生,孤独麦客
大明：老朱，咱说好的不急眼！,南边不亮北边亮
细说红尘,真费事
影视：流窜在诸天的收集员,万象初心
我在修仙界大器晚成,黑心师尊
神剑无敌,神见
反派就是这样子的,梦寄千秋
我有一身被动技,熬夜吃苹果
导演的快乐你不懂,泥白佛
我加载了怪谈游戏,十三谦
走进不科学,新手钓鱼人
大内御猫，从虎形十式开始！,白喵赴捋谁
我满级天师，你让我进规则怪谈？,落叶魔王
娱乐：让你上台卖惨，没让你笑场,叶小北1
神明模拟器,鹿人戛
太太请自重,刘家长子.CS
修仙就是这样子的,凤嘲凰
我以神明为食,相思洗红豆
仙笼,布谷聊
修仙：当你把事情做到极致,忘记穿马甲
镇妖博物馆,阎ZK
柯南之我不是蛇精病,烟火酒颂
我的1991,三月麻竹
做医生，没必要太正常,手握寸关尺
全球高武,老鹰吃小鸡
霸武,开荒
我的废弃石油小镇成了新一线,八月黄
人族镇守使,白驹易逝
美利坚名利双收,白色十三号
电梯求生：我能提前预知楼层信息,妄论春秋
长生武道：从天牢狱卒开始,云里鹿
熊学派的阿斯塔特,你干嘛呀你
这个封神不正常,逆子多多
我的兵种无限进化,笔墨纸键
我的系统提前了三千年,别太荒谬
歌土跟我有什么关系？我才几句词,打三竿
才不是做galgame呢,纯洁的米万
我！清理员！,鱼狱圄
亚人娘补完手册,伊巍蟹
这个明星合法但有病,冥王星话事人
大明：剧透未来，朱元璋崩溃了,墨守白
我有一颗长生瞳,张老西
食仙主,鹦鹉咬舌
一气朝阳,亲吻指尖
联盟：我真没有摆烂啊！,幽影夜神
全能中锋,金印
别人练级我修仙，苟到大乘再出山,三五玄七
刚会五雷正法，整蛊主播上门打假,翻滚的毛豆
这次不当训练家了,骑车的风
叩问仙道,雨打青石
法力无边高大仙,踏雪真人
龙珠：赛亚人的我终成天使,北鸣岛主
我降临于诸天世界,郭家
圣墟,辰东
大不列颠之影,趋时
白衣披甲,真熊初墨
大苍守夜人,二十四桥明月夜
大宋泼皮,很废很小白
唐砖,孑与2
我以女儿身闯荡古龙江湖,锅里鸭
没钱上大学的我只能去屠龙了,宇宙无敌水哥
舍弟诸葛亮,浙东匹夫
斗罗反派模拟器，开局迫害千仞雪,三三零三
最初进化,卷土
异常生物见闻录,远瞳
离婚后前妻成债主第二季,啊欢
谍影：命令与征服,拉丁海十三郎
武侠世界的长生道士,钛舰
天朝仙吏,六戏
从骷髅兵到不死者之王,无非二三
我的替身是史蒂夫,栖月幽蓝
大秦海归,三月啦
四合院里的读书人,八零阿涛
我在亮剑杀敌爆装备,穷玩战术富玩火力
无尽债务,Andlao
修真聊天群（聊天群的日常生活）,圣骑士的传说
LOL：都夺冠了谁还打职业啊！,李青石
国术之神：你的美式居合过时了,不会飞的笔
1990：从鲍家街开始,肉都督
养成系男神：听劝后，我成了顶流,蠢蠢凡愚QD
烂柯棋缘,真费事
人在海贼：化身八大恶魔！,木隐红尘
我只想安静的做个苟道中人,爆炸小拿铁
路明非不想当超级英雄,落雪煮茶
重塑千禧年代,渔雪
从红月开始,黑山老鬼
亏成首富从游戏开始,青衫取醉
人间最无敌,南国月三更
我有一枚命运魔骰,水煮仙人球
三国：关家逆子，龙佑荆襄,牛奶糖糖糖
都市极品医神,风会笑
柯南里的捡尸人,仙舟
主神，启动！,燃冷光
全职高手,蝴蝶蓝
奶爸学园,剑沉黄海
武侠：开局获得一甲子内力！,落魄的小纯洁
大国军舰,华东之雄
美漫从五级变种人开始,吃突刺的咸鱼
死亡巫师日记,今奈
重生09：合成系男神,辛老板
白骨大圣,咬火
天启之夜,虚伪王庭
这头巨龙太劲霸了！,新炉旧火
海盗王权,北海牧鲸
我的力气每天增加一百斤,江湖风尘客
骂谁实力派呢,胖一点
诸天：和无数个我共享天赋,我只想万定
猎命人,永恒之火
凡人修仙之仙界篇,忘语
大道争锋,误道者
从小欢喜开启诸天之旅,布响玩辣
我只想好好当个反派,插秧小能手
奥术神座,爱潜水的乌贼
终末的绅士,穿黄衣的阿肥
海贼：第一个伙伴是汤姆猫,想吃冰棒
末世：我能看见血条，杀怪掉宝,山鬼执笔
覆汉,榴弹怕水
我不是赛博精神病,板斧战士
雀魂：开局国士无双,玄汐蓝
我在亮剑搞援助,骑鲸蹈海
神话：仙武大唐,江承雪
围棋：我和AI五五开,一剑刺刺刺
谁教你这样子修仙的？,海岸边的船只
大医凌然,志鸟村
从小镇做题家苟成大医,小小鱼虾
黜龙,榴弹怕水
LOL：拐跑恩静，飞科心态崩了,飞起来咯
神印王座II皓月当空,唐家三少
主角抢我未婚妻，我反手偷他家,惟一站
道君,跃千愁
为了飞升，我只好去做游戏了,窗边的鸽子
大王请住手,立夏重生
诡异降临？还好我是十殿阎王,十月不吃瓜
天道今天不上班,魔性沧月
无敌从我看见BOSS血条开始,我也很绝望
我的徒弟都是大反派,谋生任转蓬
就玩个游戏，怎么成仙了,夏竖琴
成为怪谈就算成功,翟南
白帝战机停展厅？谁泄露出去的！,虾王
从剧本杀店开始,吨吨吨吨吨
大王饶命,会说话的肘子
签约AC米兰后，我开摆了,葬爱叶良辰
星门：时光之主,老鹰吃小鸡
电磁暴君,光速旅人
烛龙以左,行礼
神探：睁开双眼，我被铐在审讯室,勤奋的关关
玩家请上车,海晏山
忍校教师，我教书就能变强,桔子不黄
逐道长青,奕念之
绝代神主,百里龙虾
开局天降正义，我竟被FBI盯上,台灯下的节奏
从赘婿开始建立长生家族,天弦画柱
英雄无敌之隐藏建筑大师,凶猛公仓鼠
洪荒：吾乃轮回道尊,爱喝可乐的虎猫
牧神记,宅猪
滨江警事,卓牧闲
龙族：路明非的成长人生模拟器,四非2
我就是不按套路出牌,百分之七
人在东京，收租从太太开始,绿豆糕真好吃
悬壶济世，我只是想长生不老,每天三问吃什么
重生俄罗斯当寡头,琉璃湾
我只想熬死你们，别逼我打死你们,九灯和善
武动乾坤,天蚕土豆
天师，我有一个异世界,蒙面怪客
港岛家族的诞生,任猪飞
影视世界从药神开始,子施
港综：无间道卧底？我不当人了！,祖树
我本边军一小卒,四月花黄
放开那个女巫,二目
修炼从简化功法开始,努力吃鱼
我用闲书成圣人,出走八万里
是她们倒贴的，我其实都不满意,捞黑
从那座韩城开始,壹个小白
大明世祖,飞天缆车
从海贼开始燃烧世界,小黑帽
从零开始建立穿越者联盟,九棍
诸界末日在线,烟火成城
我的姐夫是太子,上山打老虎额
重生末世：开局中奖3000万,六根韭菜
天阿降临,烟雨江南
庆余年,猫腻
校花的贴身高手,鱼人二代
招黑体质开局修行在废土,陈风笑
我就是你们的天敌,不放心油条
巫师：苟在蒸汽纪元加点猎魔,猪小武
青铜龙：暴君的征服之路,瑞血丰年
影视世界从小舍得开始,山俪
都重生了，又当消防兵了？,大先生吃土豆
重生99做汽车巨头,爱喝红茶的兔子
无始皇手谕，不得出银河边关,白衣乘风
噩梦惊袭,温柔劝睡师
战锤：以涅之名,群鸦之潮
怎么会有那么强的超能力,献歌
斗罗：绝世之日月雨浩,水落江畔
期待在异世界,如倾如诉
诸天尽头,凤嘲凰
刚成仙神，子孙求我出山,任我笑
重生从娶女知青开始,洒家李狗蛋
2014：我要做总督,焰火璀璨
NBA：奇迹缔造者,青椒炒菠萝
无限流的元宇宙,浮肿
玄德,御炎
这无限的世界,baka梦云
人在大宋，无法无天,玩蛇怪
怪猎：猎人的笔记,是河豚啊
让你降魔，没让你降魔女,想喝胡辣汤吖
外科医生的谍战生涯,小黄鱼一根
重生：我的80年代,刀9
穿越三代：大蛇丸，你来当火影,思念有病
某港综世界的枭雄,青青要码字
我不可能是剑神,裴不了
沧元图,我吃西红柿
东京明星女友是恋爱脑，怎么办,小短菌
满级狠人,佛不度
长生，从养鸡杂役开始,东海鱼头
洪荒之天庭天兵,银河断流
大明朱棣：爹，你咋没死啊？！,妖怪不好吃
选择C级英雄，我被全网嘲笑三年,麻辣榴莲
我在大宋做台谏官,上官不水
这烂怂截教待不下去了,榴莲老酒
我说了我会时光倒流,熊狼狗
我有一卷度人经,刀慢
一人之下：我，张之维，嚣张的张,久违的大晴天
离婚后，我和老婆都重生了,南风抚月
东京泡沫人生,大肚杯
当场怒喷哥哥，这解说不想干了？,青衣染雪
全职艺术家,我最白
史上最强赘婿,沉默的糕点
我的精灵训练家模拟器,疯狂沉默
我在尊魂幡里当主魂,灵山王
我一精神病，被挑中参加规则怪谈,小渔吃不饱
大明：我的老板朱元璋,那个李伟
反叛的大魔王,赵青杉
人在洪武，从天师到帝师,东鸭西楼
抬手凝恒星，你管这叫嫁衣神功？,丙丁二火
修复师,打眼
重生18年从直播CSGO开始,豆腐加辣
霍格沃茨的和平主义亡灵巫师,不爱吃鲑鱼
游走在晚清的乱世理工男,三秋空城
道侣助我长生,笨瓜不太甜
医路坦途,臧福生
年代：从下乡后开始的咸鱼生活,毛遂爱吃糖
糜汉,酱油拌历史
系统流主角的我加入聊天群,极地旅者
40k：午夜之刃,拿刀划墙纸
靖难攻略,北城二千
人道至尊,宅猪
藏国,高月
影视剧中的王牌特工,龙战将
顶级悟性：从基础拳法开始,月中阴
一开始，我只想搞钱,油炸大金
朕,王梓钧
这个诡异三国游戏太凶残了,月下藏锋
青莲之巅,肖十一莫
第一权臣,皇家大芒果
修仙：活得越久，天赋越好！,小胡歌
猎人：我真不是除念师,紫蓝色的猪
封神：殷商大祭司,仿生薯条
全球每月一个新规则,中世纪的兔子
北宋大法官,南希北庆
我在大明肝生活技能,肥鸟先行
美漫：从年迈狼叔，开始全知全能,金铨鑫
封神：开局一个凤凰分身,想静静的顿河
全能大画家,杏子与梨
LOL：锦鲤哥别秀了！,一片苏叶
诸天从平阳城开始,且听余生
异仙之主,真愚老人
过气武林高手重生三十年前,行为金融
